temperature_celsius,ice_creams_sold,predicted_value,prediction_error,model_name,model_type,model_algorithm,model_train_mse,model_train_mae,model_train_r2,model_test_mse,model_test_mae,model_test_r2,model_mse,model_rmse,model_mae,model_r2_score,model_has_feature_importance
17.6,20,25.756785714285705,-5.756785714285705,Climatempo,regression,random_forest,79.10555800564488,6.295484374999999,0.9643903419634627,187.86459614068698,9.372316220238096,0.8897256288259942,187.86459614068698,13.706370640716198,9.372316220238096,0.8897256288259942,True
14.1,10,10.0,0.0,Climatempo,regression,random_forest,79.10555800564488,6.295484374999999,0.9643903419634627,187.86459614068698,9.372316220238096,0.8897256288259942,187.86459614068698,13.706370640716198,9.372316220238096,0.8897256288259942,True
18.4,25,26.735333333333333,-1.7353333333333332,Climatempo,regression,random_forest,79.10555800564488,6.295484374999999,0.9643903419634627,187.86459614068698,9.372316220238096,0.8897256288259942,187.86459614068698,13.706370640716198,9.372316220238096,0.8897256288259942,True
15.2,10,10.0,0.0,Climatempo,regression,random_forest,79.10555800564488,6.295484374999999,0.9643903419634627,187.86459614068698,9.372316220238096,0.8897256288259942,187.86459614068698,13.706370640716198,9.372316220238096,0.8897256288259942,True
17.6,28,25.756785714285705,2.243214285714295,Climatempo,regression,random_forest,79.10555800564488,6.295484374999999,0.9643903419634627,187.86459614068698,9.372316220238096,0.8897256288259942,187.86459614068698,13.706370640716198,9.372316220238096,0.8897256288259942,True
14.2,10,10.0,0.0,Climatempo,regression,random_forest,79.10555800564488,6.295484374999999,0.9643903419634627,187.86459614068698,9.372316220238096,0.8897256288259942,187.86459614068698,13.706370640716198,9.372316220238096,0.8897256288259942,True
18.9,37,35.885,1.115000000000002,Climatempo,regression,random_forest,79.10555800564488,6.295484374999999,0.9643903419634627,187.86459614068698,9.372316220238096,0.8897256288259942,187.86459614068698,13.706370640716198,9.372316220238096,0.8897256288259942,True
17.7,14,21.60747619047619,-7.607476190476191,Climatempo,regression,random_forest,79.10555800564488,6.295484374999999,0.9643903419634627,187.86459614068698,9.372316220238096,0.8897256288259942,187.86459614068698,13.706370640716198,9.372316220238096,0.8897256288259942,True
14.7,10,10.0,0.0,Climatempo,regression,random_forest,79.10555800564488,6.295484374999999,0.9643903419634627,187.86459614068698,9.372316220238096,0.8897256288259942,187.86459614068698,13.706370640716198,9.372316220238096,0.8897256288259942,True
19.4,39,46.89333333333333,-7.893333333333331,Climatempo,regression,random_forest,79.10555800564488,6.295484374999999,0.9643903419634627,187.86459614068698,9.372316220238096,0.8897256288259942,187.86459614068698,13.706370640716198,9.372316220238096,0.8897256288259942,True
20.9,70,61.880333333333326,8.119666666666674,Climatempo,regression,random_forest,79.10555800564488,6.295484374999999,0.9643903419634627,187.86459614068698,9.372316220238096,0.8897256288259942,187.86459614068698,13.706370640716198,9.372316220238096,0.8897256288259942,True
14.7,10,10.0,0.0,Climatempo,regression,random_forest,79.10555800564488,6.295484374999999,0.9643903419634627,187.86459614068698,9.372316220238096,0.8897256288259942,187.86459614068698,13.706370640716198,9.372316220238096,0.8897256288259942,True
19.1,37,32.79900000000001,4.200999999999993,Climatempo,regression,random_forest,79.10555800564488,6.295484374999999,0.9643903419634627,187.86459614068698,9.372316220238096,0.8897256288259942,187.86459614068698,13.706370640716198,9.372316220238096,0.8897256288259942,True
15.5,10,10.0,0.0,Climatempo,regression,random_forest,79.10555800564488,6.295484374999999,0.9643903419634627,187.86459614068698,9.372316220238096,0.8897256288259942,187.86459614068698,13.706370640716198,9.372316220238096,0.8897256288259942,True
17.0,16,17.823,-1.8230000000000004,Climatempo,regression,random_forest,79.10555800564488,6.295484374999999,0.9643903419634627,187.86459614068698,9.372316220238096,0.8897256288259942,187.86459614068698,13.706370640716198,9.372316220238096,0.8897256288259942,True
19.9,50,40.645880952380956,9.354119047619044,Climatempo,regression,random_forest,79.10555800564488,6.295484374999999,0.9643903419634627,187.86459614068698,9.372316220238096,0.8897256288259942,187.86459614068698,13.706370640716198,9.372316220238096,0.8897256288259942,True
22.5,62,78.48449999999998,-16.484499999999983,Climatempo,regression,random_forest,79.10555800564488,6.295484374999999,0.9643903419634627,187.86459614068698,9.372316220238096,0.8897256288259942,187.86459614068698,13.706370640716198,9.372316220238096,0.8897256288259942,True
22.6,81,78.957,2.0430000000000064,Climatempo,regression,random_forest,79.10555800564488,6.295484374999999,0.9643903419634627,187.86459614068698,9.372316220238096,0.8897256288259942,187.86459614068698,13.706370640716198,9.372316220238096,0.8897256288259942,True
16.8,17,19.82,-2.8200000000000003,Climatempo,regression,random_forest,79.10555800564488,6.295484374999999,0.9643903419634627,187.86459614068698,9.372316220238096,0.8897256288259942,187.86459614068698,13.706370640716198,9.372316220238096,0.8897256288259942,True
18.1,29,30.006095238095234,-1.0060952380952344,Climatempo,regression,random_forest,79.10555800564488,6.295484374999999,0.9643903419634627,187.86459614068698,9.372316220238096,0.8897256288259942,187.86459614068698,13.706370640716198,9.372316220238096,0.8897256288259942,True
16.0,10,11.44,-1.4399999999999995,Climatempo,regression,random_forest,79.10555800564488,6.295484374999999,0.9643903419634627,187.86459614068698,9.372316220238096,0.8897256288259942,187.86459614068698,13.706370640716198,9.372316220238096,0.8897256288259942,True
18.5,27,31.676571428571428,-4.676571428571428,Climatempo,regression,random_forest,79.10555800564488,6.295484374999999,0.9643903419634627,187.86459614068698,9.372316220238096,0.8897256288259942,187.86459614068698,13.706370640716198,9.372316220238096,0.8897256288259942,True
19.4,53,46.89333333333333,6.106666666666669,Climatempo,regression,random_forest,79.10555800564488,6.295484374999999,0.9643903419634627,187.86459614068698,9.372316220238096,0.8897256288259942,187.86459614068698,13.706370640716198,9.372316220238096,0.8897256288259942,True
21.7,74,59.46321428571429,14.536785714285713,Climatempo,regression,random_forest,79.10555800564488,6.295484374999999,0.9643903419634627,187.86459614068698,9.372316220238096,0.8897256288259942,187.86459614068698,13.706370640716198,9.372316220238096,0.8897256288259942,True
17.3,21,19.016,1.9840000000000018,Climatempo,regression,random_forest,79.10555800564488,6.295484374999999,0.9643903419634627,187.86459614068698,9.372316220238096,0.8897256288259942,187.86459614068698,13.706370640716198,9.372316220238096,0.8897256288259942,True
16.3,16,14.8,1.1999999999999993,Climatempo,regression,random_forest,79.10555800564488,6.295484374999999,0.9643903419634627,187.86459614068698,9.372316220238096,0.8897256288259942,187.86459614068698,13.706370640716198,9.372316220238096,0.8897256288259942,True
19.8,37,40.55921428571429,-3.5592142857142903,Climatempo,regression,random_forest,79.10555800564488,6.295484374999999,0.9643903419634627,187.86459614068698,9.372316220238096,0.8897256288259942,187.86459614068698,13.706370640716198,9.372316220238096,0.8897256288259942,True
17.8,17,25.01630952380952,-8.016309523809522,Climatempo,regression,random_forest,79.10555800564488,6.295484374999999,0.9643903419634627,187.86459614068698,9.372316220238096,0.8897256288259942,187.86459614068698,13.706370640716198,9.372316220238096,0.8897256288259942,True
14.8,10,10.0,0.0,Climatempo,regression,random_forest,79.10555800564488,6.295484374999999,0.9643903419634627,187.86459614068698,9.372316220238096,0.8897256288259942,187.86459614068698,13.706370640716198,9.372316220238096,0.8897256288259942,True
21.6,67,60.18083333333334,6.819166666666661,Climatempo,regression,random_forest,79.10555800564488,6.295484374999999,0.9643903419634627,187.86459614068698,9.372316220238096,0.8897256288259942,187.86459614068698,13.706370640716198,9.372316220238096,0.8897256288259942,True
19.6,41,31.300357142857138,9.699642857142862,Climatempo,regression,random_forest,79.10555800564488,6.295484374999999,0.9643903419634627,187.86459614068698,9.372316220238096,0.8897256288259942,187.86459614068698,13.706370640716198,9.372316220238096,0.8897256288259942,True
18.2,31,26.558666666666667,4.441333333333333,Climatempo,regression,random_forest,79.10555800564488,6.295484374999999,0.9643903419634627,187.86459614068698,9.372316220238096,0.8897256288259942,187.86459614068698,13.706370640716198,9.372316220238096,0.8897256288259942,True
19.9,49,40.645880952380956,8.354119047619044,Climatempo,regression,random_forest,79.10555800564488,6.295484374999999,0.9643903419634627,187.86459614068698,9.372316220238096,0.8897256288259942,187.86459614068698,13.706370640716198,9.372316220238096,0.8897256288259942,True
17.1,20,18.930999999999997,1.0690000000000026,Climatempo,regression,random_forest,79.10555800564488,6.295484374999999,0.9643903419634627,187.86459614068698,9.372316220238096,0.8897256288259942,187.86459614068698,13.706370640716198,9.372316220238096,0.8897256288259942,True
20.4,51,48.636,2.363999999999997,Climatempo,regression,random_forest,79.10555800564488,6.295484374999999,0.9643903419634627,187.86459614068698,9.372316220238096,0.8897256288259942,187.86459614068698,13.706370640716198,9.372316220238096,0.8897256288259942,True
20.1,49,39.583642857142856,9.416357142857144,Climatempo,regression,random_forest,79.10555800564488,6.295484374999999,0.9643903419634627,187.86459614068698,9.372316220238096,0.8897256288259942,187.86459614068698,13.706370640716198,9.372316220238096,0.8897256288259942,True
18.8,31,34.626666666666665,-3.626666666666665,Climatempo,regression,random_forest,79.10555800564488,6.295484374999999,0.9643903419634627,187.86459614068698,9.372316220238096,0.8897256288259942,187.86459614068698,13.706370640716198,9.372316220238096,0.8897256288259942,True
19.0,26,35.799,-9.799,Climatempo,regression,random_forest,79.10555800564488,6.295484374999999,0.9643903419634627,187.86459614068698,9.372316220238096,0.8897256288259942,187.86459614068698,13.706370640716198,9.372316220238096,0.8897256288259942,True
20.2,48,47.63433333333333,0.36566666666666947,Climatempo,regression,random_forest,79.10555800564488,6.295484374999999,0.9643903419634627,187.86459614068698,9.372316220238096,0.8897256288259942,187.86459614068698,13.706370640716198,9.372316220238096,0.8897256288259942,True
17.7,28,21.60747619047619,6.392523809523809,Climatempo,regression,random_forest,79.10555800564488,6.295484374999999,0.9643903419634627,187.86459614068698,9.372316220238096,0.8897256288259942,187.86459614068698,13.706370640716198,9.372316220238096,0.8897256288259942,True
20.4,46,48.636,-2.636000000000003,Climatempo,regression,random_forest,79.10555800564488,6.295484374999999,0.9643903419634627,187.86459614068698,9.372316220238096,0.8897256288259942,187.86459614068698,13.706370640716198,9.372316220238096,0.8897256288259942,True
23.0,72,67.90166666666667,4.098333333333329,Climatempo,regression,random_forest,79.10555800564488,6.295484374999999,0.9643903419634627,187.86459614068698,9.372316220238096,0.8897256288259942,187.86459614068698,13.706370640716198,9.372316220238096,0.8897256288259942,True
22.1,52,55.03178571428572,-3.031785714285718,Climatempo,regression,random_forest,79.10555800564488,6.295484374999999,0.9643903419634627,187.86459614068698,9.372316220238096,0.8897256288259942,187.86459614068698,13.706370640716198,9.372316220238096,0.8897256288259942,True
19.9,41,40.645880952380956,0.35411904761904367,Climatempo,regression,random_forest,79.10555800564488,6.295484374999999,0.9643903419634627,187.86459614068698,9.372316220238096,0.8897256288259942,187.86459614068698,13.706370640716198,9.372316220238096,0.8897256288259942,True
16.9,22,19.82,2.1799999999999997,Climatempo,regression,random_forest,79.10555800564488,6.295484374999999,0.9643903419634627,187.86459614068698,9.372316220238096,0.8897256288259942,187.86459614068698,13.706370640716198,9.372316220238096,0.8897256288259942,True
15.4,10,10.0,0.0,Climatempo,regression,random_forest,79.10555800564488,6.295484374999999,0.9643903419634627,187.86459614068698,9.372316220238096,0.8897256288259942,187.86459614068698,13.706370640716198,9.372316220238096,0.8897256288259942,True
19.0,45,35.799,9.201,Climatempo,regression,random_forest,79.10555800564488,6.295484374999999,0.9643903419634627,187.86459614068698,9.372316220238096,0.8897256288259942,187.86459614068698,13.706370640716198,9.372316220238096,0.8897256288259942,True
17.6,30,25.756785714285705,4.243214285714295,Climatempo,regression,random_forest,79.10555800564488,6.295484374999999,0.9643903419634627,187.86459614068698,9.372316220238096,0.8897256288259942,187.86459614068698,13.706370640716198,9.372316220238096,0.8897256288259942,True
23.3,69,71.04014285714285,-2.040142857142854,Climatempo,regression,random_forest,79.10555800564488,6.295484374999999,0.9643903419634627,187.86459614068698,9.372316220238096,0.8897256288259942,187.86459614068698,13.706370640716198,9.372316220238096,0.8897256288259942,True
18.1,22,30.006095238095234,-8.006095238095234,Climatempo,regression,random_forest,79.10555800564488,6.295484374999999,0.9643903419634627,187.86459614068698,9.372316220238096,0.8897256288259942,187.86459614068698,13.706370640716198,9.372316220238096,0.8897256288259942,True
18.5,39,31.676571428571428,7.323428571428572,Climatempo,regression,random_forest,79.10555800564488,6.295484374999999,0.9643903419634627,187.86459614068698,9.372316220238096,0.8897256288259942,187.86459614068698,13.706370640716198,9.372316220238096,0.8897256288259942,True
19.4,42,46.89333333333333,-4.893333333333331,Climatempo,regression,random_forest,79.10555800564488,6.295484374999999,0.9643903419634627,187.86459614068698,9.372316220238096,0.8897256288259942,187.86459614068698,13.706370640716198,9.372316220238096,0.8897256288259942,True
19.1,31,32.79900000000001,-1.7990000000000066,Climatempo,regression,random_forest,79.10555800564488,6.295484374999999,0.9643903419634627,187.86459614068698,9.372316220238096,0.8897256288259942,187.86459614068698,13.706370640716198,9.372316220238096,0.8897256288259942,True
14.2,10,10.0,0.0,Climatempo,regression,random_forest,79.10555800564488,6.295484374999999,0.9643903419634627,187.86459614068698,9.372316220238096,0.8897256288259942,187.86459614068698,13.706370640716198,9.372316220238096,0.8897256288259942,True
17.1,18,18.930999999999997,-0.9309999999999974,Climatempo,regression,random_forest,79.10555800564488,6.295484374999999,0.9643903419634627,187.86459614068698,9.372316220238096,0.8897256288259942,187.86459614068698,13.706370640716198,9.372316220238096,0.8897256288259942,True
19.3,45,49.95083333333333,-4.950833333333328,Climatempo,regression,random_forest,79.10555800564488,6.295484374999999,0.9643903419634627,187.86459614068698,9.372316220238096,0.8897256288259942,187.86459614068698,13.706370640716198,9.372316220238096,0.8897256288259942,True
19.4,38,46.89333333333333,-8.89333333333333,Climatempo,regression,random_forest,79.10555800564488,6.295484374999999,0.9643903419634627,187.86459614068698,9.372316220238096,0.8897256288259942,187.86459614068698,13.706370640716198,9.372316220238096,0.8897256288259942,True
19.6,29,31.300357142857138,-2.3003571428571377,Climatempo,regression,random_forest,79.10555800564488,6.295484374999999,0.9643903419634627,187.86459614068698,9.372316220238096,0.8897256288259942,187.86459614068698,13.706370640716198,9.372316220238096,0.8897256288259942,True
20.0,36,37.661273809523806,-1.6612738095238058,Climatempo,regression,random_forest,79.10555800564488,6.295484374999999,0.9643903419634627,187.86459614068698,9.372316220238096,0.8897256288259942,187.86459614068698,13.706370640716198,9.372316220238096,0.8897256288259942,True
19.2,55,47.07083333333333,7.929166666666667,Climatempo,regression,random_forest,79.10555800564488,6.295484374999999,0.9643903419634627,187.86459614068698,9.372316220238096,0.8897256288259942,187.86459614068698,13.706370640716198,9.372316220238096,0.8897256288259942,True
18.1,30,30.006095238095234,-0.006095238095234379,Climatempo,regression,random_forest,79.10555800564488,6.295484374999999,0.9643903419634627,187.86459614068698,9.372316220238096,0.8897256288259942,187.86459614068698,13.706370640716198,9.372316220238096,0.8897256288259942,True
23.6,67,69.84166666666665,-2.8416666666666544,Climatempo,regression,random_forest,79.10555800564488,6.295484374999999,0.9643903419634627,187.86459614068698,9.372316220238096,0.8897256288259942,187.86459614068698,13.706370640716198,9.372316220238096,0.8897256288259942,True
26.6,106,112.51,-6.510000000000005,Climatempo,regression,random_forest,79.10555800564488,6.295484374999999,0.9643903419634627,187.86459614068698,9.372316220238096,0.8897256288259942,187.86459614068698,13.706370640716198,9.372316220238096,0.8897256288259942,True
19.6,47,31.300357142857138,15.699642857142862,Climatempo,regression,random_forest,79.10555800564488,6.295484374999999,0.9643903419634627,187.86459614068698,9.372316220238096,0.8897256288259942,187.86459614068698,13.706370640716198,9.372316220238096,0.8897256288259942,True
26.0,87,81.37666666666667,5.623333333333335,Climatempo,regression,random_forest,79.10555800564488,6.295484374999999,0.9643903419634627,187.86459614068698,9.372316220238096,0.8897256288259942,187.86459614068698,13.706370640716198,9.372316220238096,0.8897256288259942,True
23.7,78,71.41616666666665,6.583833333333345,Climatempo,regression,random_forest,79.10555800564488,6.295484374999999,0.9643903419634627,187.86459614068698,9.372316220238096,0.8897256288259942,187.86459614068698,13.706370640716198,9.372316220238096,0.8897256288259942,True
22.0,89,47.36488095238096,41.63511904761904,Climatempo,regression,random_forest,79.10555800564488,6.295484374999999,0.9643903419634627,187.86459614068698,9.372316220238096,0.8897256288259942,187.86459614068698,13.706370640716198,9.372316220238096,0.8897256288259942,True
18.1,39,30.006095238095234,8.993904761904766,Climatempo,regression,random_forest,79.10555800564488,6.295484374999999,0.9643903419634627,187.86459614068698,9.372316220238096,0.8897256288259942,187.86459614068698,13.706370640716198,9.372316220238096,0.8897256288259942,True
21.9,39,47.36488095238096,-8.364880952380958,Climatempo,regression,random_forest,79.10555800564488,6.295484374999999,0.9643903419634627,187.86459614068698,9.372316220238096,0.8897256288259942,187.86459614068698,13.706370640716198,9.372316220238096,0.8897256288259942,True
19.8,36,40.55921428571429,-4.55921428571429,Climatempo,regression,random_forest,79.10555800564488,6.295484374999999,0.9643903419634627,187.86459614068698,9.372316220238096,0.8897256288259942,187.86459614068698,13.706370640716198,9.372316220238096,0.8897256288259942,True
25.7,45,49.906666666666666,-4.906666666666666,Climatempo,regression,random_forest,79.10555800564488,6.295484374999999,0.9643903419634627,187.86459614068698,9.372316220238096,0.8897256288259942,187.86459614068698,13.706370640716198,9.372316220238096,0.8897256288259942,True
19.9,43,40.645880952380956,2.3541190476190437,Climatempo,regression,random_forest,79.10555800564488,6.295484374999999,0.9643903419634627,187.86459614068698,9.372316220238096,0.8897256288259942,187.86459614068698,13.706370640716198,9.372316220238096,0.8897256288259942,True
21.6,60,60.18083333333334,-0.1808333333333394,Climatempo,regression,random_forest,79.10555800564488,6.295484374999999,0.9643903419634627,187.86459614068698,9.372316220238096,0.8897256288259942,187.86459614068698,13.706370640716198,9.372316220238096,0.8897256288259942,True
24.4,80,79.22833333333334,0.7716666666666612,Climatempo,regression,random_forest,79.10555800564488,6.295484374999999,0.9643903419634627,187.86459614068698,9.372316220238096,0.8897256288259942,187.86459614068698,13.706370640716198,9.372316220238096,0.8897256288259942,True
24.1,110,95.63983333333331,14.360166666666686,Climatempo,regression,random_forest,79.10555800564488,6.295484374999999,0.9643903419634627,187.86459614068698,9.372316220238096,0.8897256288259942,187.86459614068698,13.706370640716198,9.372316220238096,0.8897256288259942,True
20.0,29,37.661273809523806,-8.661273809523806,Climatempo,regression,random_forest,79.10555800564488,6.295484374999999,0.9643903419634627,187.86459614068698,9.372316220238096,0.8897256288259942,187.86459614068698,13.706370640716198,9.372316220238096,0.8897256288259942,True
18.3,23,26.558666666666667,-3.5586666666666673,Climatempo,regression,random_forest,79.10555800564488,6.295484374999999,0.9643903419634627,187.86459614068698,9.372316220238096,0.8897256288259942,187.86459614068698,13.706370640716198,9.372316220238096,0.8897256288259942,True
23.9,64,66.58366666666667,-2.583666666666673,Climatempo,regression,random_forest,79.10555800564488,6.295484374999999,0.9643903419634627,187.86459614068698,9.372316220238096,0.8897256288259942,187.86459614068698,13.706370640716198,9.372316220238096,0.8897256288259942,True
19.7,39,30.94335714285714,8.056642857142862,Climatempo,regression,random_forest,79.10555800564488,6.295484374999999,0.9643903419634627,187.86459614068698,9.372316220238096,0.8897256288259942,187.86459614068698,13.706370640716198,9.372316220238096,0.8897256288259942,True
22.7,59,70.77900000000001,-11.77900000000001,Climatempo,regression,random_forest,79.10555800564488,6.295484374999999,0.9643903419634627,187.86459614068698,9.372316220238096,0.8897256288259942,187.86459614068698,13.706370640716198,9.372316220238096,0.8897256288259942,True
23.0,67,67.90166666666667,-0.9016666666666708,Climatempo,regression,random_forest,79.10555800564488,6.295484374999999,0.9643903419634627,187.86459614068698,9.372316220238096,0.8897256288259942,187.86459614068698,13.706370640716198,9.372316220238096,0.8897256288259942,True
20.6,30,55.06826190476191,-25.06826190476191,Climatempo,regression,random_forest,79.10555800564488,6.295484374999999,0.9643903419634627,187.86459614068698,9.372316220238096,0.8897256288259942,187.86459614068698,13.706370640716198,9.372316220238096,0.8897256288259942,True
17.5,11,25.756785714285705,-14.756785714285705,Climatempo,regression,random_forest,79.10555800564488,6.295484374999999,0.9643903419634627,187.86459614068698,9.372316220238096,0.8897256288259942,187.86459614068698,13.706370640716198,9.372316220238096,0.8897256288259942,True
24.1,93,95.63983333333331,-2.639833333333314,Climatempo,regression,random_forest,79.10555800564488,6.295484374999999,0.9643903419634627,187.86459614068698,9.372316220238096,0.8897256288259942,187.86459614068698,13.706370640716198,9.372316220238096,0.8897256288259942,True
24.7,88,67.9445,20.055499999999995,Climatempo,regression,random_forest,79.10555800564488,6.295484374999999,0.9643903419634627,187.86459614068698,9.372316220238096,0.8897256288259942,187.86459614068698,13.706370640716198,9.372316220238096,0.8897256288259942,True
20.5,59,54.58159523809524,4.41840476190476,Climatempo,regression,random_forest,79.10555800564488,6.295484374999999,0.9643903419634627,187.86459614068698,9.372316220238096,0.8897256288259942,187.86459614068698,13.706370640716198,9.372316220238096,0.8897256288259942,True
19.9,32,40.645880952380956,-8.645880952380956,Climatempo,regression,random_forest,79.10555800564488,6.295484374999999,0.9643903419634627,187.86459614068698,9.372316220238096,0.8897256288259942,187.86459614068698,13.706370640716198,9.372316220238096,0.8897256288259942,True
20.3,59,48.38416666666666,10.615833333333342,Climatempo,regression,random_forest,79.10555800564488,6.295484374999999,0.9643903419634627,187.86459614068698,9.372316220238096,0.8897256288259942,187.86459614068698,13.706370640716198,9.372316220238096,0.8897256288259942,True
20.1,39,39.583642857142856,-0.5836428571428556,Climatempo,regression,random_forest,79.10555800564488,6.295484374999999,0.9643903419634627,187.86459614068698,9.372316220238096,0.8897256288259942,187.86459614068698,13.706370640716198,9.372316220238096,0.8897256288259942,True
19.4,49,46.89333333333333,2.106666666666669,Climatempo,regression,random_forest,79.10555800564488,6.295484374999999,0.9643903419634627,187.86459614068698,9.372316220238096,0.8897256288259942,187.86459614068698,13.706370640716198,9.372316220238096,0.8897256288259942,True
25.0,75,74.22583333333333,0.7741666666666731,Climatempo,regression,random_forest,79.10555800564488,6.295484374999999,0.9643903419634627,187.86459614068698,9.372316220238096,0.8897256288259942,187.86459614068698,13.706370640716198,9.372316220238096,0.8897256288259942,True
19.6,18,31.300357142857138,-13.300357142857138,Climatempo,regression,random_forest,79.10555800564488,6.295484374999999,0.9643903419634627,187.86459614068698,9.372316220238096,0.8897256288259942,187.86459614068698,13.706370640716198,9.372316220238096,0.8897256288259942,True
25.4,107,105.885,1.1149999999999949,Climatempo,regression,random_forest,79.10555800564488,6.295484374999999,0.9643903419634627,187.86459614068698,9.372316220238096,0.8897256288259942,187.86459614068698,13.706370640716198,9.372316220238096,0.8897256288259942,True
20.9,52,61.880333333333326,-9.880333333333326,Climatempo,regression,random_forest,79.10555800564488,6.295484374999999,0.9643903419634627,187.86459614068698,9.372316220238096,0.8897256288259942,187.86459614068698,13.706370640716198,9.372316220238096,0.8897256288259942,True
23.7,78,71.41616666666665,6.583833333333345,Climatempo,regression,random_forest,79.10555800564488,6.295484374999999,0.9643903419634627,187.86459614068698,9.372316220238096,0.8897256288259942,187.86459614068698,13.706370640716198,9.372316220238096,0.8897256288259942,True
22.7,80,70.77900000000001,9.22099999999999,Climatempo,regression,random_forest,79.10555800564488,6.295484374999999,0.9643903419634627,187.86459614068698,9.372316220238096,0.8897256288259942,187.86459614068698,13.706370640716198,9.372316220238096,0.8897256288259942,True
21.4,48,60.18083333333334,-12.18083333333334,Climatempo,regression,random_forest,79.10555800564488,6.295484374999999,0.9643903419634627,187.86459614068698,9.372316220238096,0.8897256288259942,187.86459614068698,13.706370640716198,9.372316220238096,0.8897256288259942,True
18.5,28,31.676571428571428,-3.676571428571428,Climatempo,regression,random_forest,79.10555800564488,6.295484374999999,0.9643903419634627,187.86459614068698,9.372316220238096,0.8897256288259942,187.86459614068698,13.706370640716198,9.372316220238096,0.8897256288259942,True
19.9,44,40.645880952380956,3.3541190476190437,Climatempo,regression,random_forest,79.10555800564488,6.295484374999999,0.9643903419634627,187.86459614068698,9.372316220238096,0.8897256288259942,187.86459614068698,13.706370640716198,9.372316220238096,0.8897256288259942,True
18.7,39,37.54,1.4600000000000009,Climatempo,regression,random_forest,79.10555800564488,6.295484374999999,0.9643903419634627,187.86459614068698,9.372316220238096,0.8897256288259942,187.86459614068698,13.706370640716198,9.372316220238096,0.8897256288259942,True
25.2,135,109.38,25.620000000000005,Climatempo,regression,random_forest,79.10555800564488,6.295484374999999,0.9643903419634627,187.86459614068698,9.372316220238096,0.8897256288259942,187.86459614068698,13.706370640716198,9.372316220238096,0.8897256288259942,True
20.2,42,47.63433333333333,-5.6343333333333305,Climatempo,regression,random_forest,79.10555800564488,6.295484374999999,0.9643903419634627,187.86459614068698,9.372316220238096,0.8897256288259942,187.86459614068698,13.706370640716198,9.372316220238096,0.8897256288259942,True
24.8,63,67.9445,-4.944500000000005,Climatempo,regression,random_forest,79.10555800564488,6.295484374999999,0.9643903419634627,187.86459614068698,9.372316220238096,0.8897256288259942,187.86459614068698,13.706370640716198,9.372316220238096,0.8897256288259942,True
25.6,91,79.2925,11.707499999999996,Climatempo,regression,random_forest,79.10555800564488,6.295484374999999,0.9643903419634627,187.86459614068698,9.372316220238096,0.8897256288259942,187.86459614068698,13.706370640716198,9.372316220238096,0.8897256288259942,True
25.0,79,74.22583333333333,4.774166666666673,Climatempo,regression,random_forest,79.10555800564488,6.295484374999999,0.9643903419634627,187.86459614068698,9.372316220238096,0.8897256288259942,187.86459614068698,13.706370640716198,9.372316220238096,0.8897256288259942,True
23.6,42,69.84166666666665,-27.841666666666654,Climatempo,regression,random_forest,79.10555800564488,6.295484374999999,0.9643903419634627,187.86459614068698,9.372316220238096,0.8897256288259942,187.86459614068698,13.706370640716198,9.372316220238096,0.8897256288259942,True
24.5,40,54.11357142857143,-14.113571428571433,Climatempo,regression,random_forest,79.10555800564488,6.295484374999999,0.9643903419634627,187.86459614068698,9.372316220238096,0.8897256288259942,187.86459614068698,13.706370640716198,9.372316220238096,0.8897256288259942,True
20.1,31,39.583642857142856,-8.583642857142856,Climatempo,regression,random_forest,79.10555800564488,6.295484374999999,0.9643903419634627,187.86459614068698,9.372316220238096,0.8897256288259942,187.86459614068698,13.706370640716198,9.372316220238096,0.8897256288259942,True
16.7,16,19.82,-3.8200000000000003,Climatempo,regression,random_forest,79.10555800564488,6.295484374999999,0.9643903419634627,187.86459614068698,9.372316220238096,0.8897256288259942,187.86459614068698,13.706370640716198,9.372316220238096,0.8897256288259942,True
24.6,99,80.09969047619046,18.90030952380954,Climatempo,regression,random_forest,79.10555800564488,6.295484374999999,0.9643903419634627,187.86459614068698,9.372316220238096,0.8897256288259942,187.86459614068698,13.706370640716198,9.372316220238096,0.8897256288259942,True
23.1,54,63.36749999999999,-9.367499999999993,Climatempo,regression,random_forest,79.10555800564488,6.295484374999999,0.9643903419634627,187.86459614068698,9.372316220238096,0.8897256288259942,187.86459614068698,13.706370640716198,9.372316220238096,0.8897256288259942,True
26.9,138,121.47,16.53,Climatempo,regression,random_forest,79.10555800564488,6.295484374999999,0.9643903419634627,187.86459614068698,9.372316220238096,0.8897256288259942,187.86459614068698,13.706370640716198,9.372316220238096,0.8897256288259942,True
18.8,32,34.626666666666665,-2.626666666666665,Climatempo,regression,random_forest,79.10555800564488,6.295484374999999,0.9643903419634627,187.86459614068698,9.372316220238096,0.8897256288259942,187.86459614068698,13.706370640716198,9.372316220238096,0.8897256288259942,True
17.7,23,21.60747619047619,1.3925238095238086,Climatempo,regression,random_forest,79.10555800564488,6.295484374999999,0.9643903419634627,187.86459614068698,9.372316220238096,0.8897256288259942,187.86459614068698,13.706370640716198,9.372316220238096,0.8897256288259942,True
22.3,59,63.5405,-4.5405000000000015,Climatempo,regression,random_forest,79.10555800564488,6.295484374999999,0.9643903419634627,187.86459614068698,9.372316220238096,0.8897256288259942,187.86459614068698,13.706370640716198,9.372316220238096,0.8897256288259942,True
25.1,91,107.42,-16.42,Climatempo,regression,random_forest,79.10555800564488,6.295484374999999,0.9643903419634627,187.86459614068698,9.372316220238096,0.8897256288259942,187.86459614068698,13.706370640716198,9.372316220238096,0.8897256288259942,True
23.3,71,71.04014285714285,-0.04014285714285393,Climatempo,regression,random_forest,79.10555800564488,6.295484374999999,0.9643903419634627,187.86459614068698,9.372316220238096,0.8897256288259942,187.86459614068698,13.706370640716198,9.372316220238096,0.8897256288259942,True
20.5,50,54.58159523809524,-4.58159523809524,Climatempo,regression,random_forest,79.10555800564488,6.295484374999999,0.9643903419634627,187.86459614068698,9.372316220238096,0.8897256288259942,187.86459614068698,13.706370640716198,9.372316220238096,0.8897256288259942,True
23.1,71,63.36749999999999,7.632500000000007,Climatempo,regression,random_forest,79.10555800564488,6.295484374999999,0.9643903419634627,187.86459614068698,9.372316220238096,0.8897256288259942,187.86459614068698,13.706370640716198,9.372316220238096,0.8897256288259942,True
24.6,85,80.09969047619046,4.90030952380954,Climatempo,regression,random_forest,79.10555800564488,6.295484374999999,0.9643903419634627,187.86459614068698,9.372316220238096,0.8897256288259942,187.86459614068698,13.706370640716198,9.372316220238096,0.8897256288259942,True
24.6,66,80.09969047619046,-14.09969047619046,Climatempo,regression,random_forest,79.10555800564488,6.295484374999999,0.9643903419634627,187.86459614068698,9.372316220238096,0.8897256288259942,187.86459614068698,13.706370640716198,9.372316220238096,0.8897256288259942,True
23.7,65,71.41616666666665,-6.416166666666655,Climatempo,regression,random_forest,79.10555800564488,6.295484374999999,0.9643903419634627,187.86459614068698,9.372316220238096,0.8897256288259942,187.86459614068698,13.706370640716198,9.372316220238096,0.8897256288259942,True
24.3,87,85.0975,1.9025000000000034,Climatempo,regression,random_forest,79.10555800564488,6.295484374999999,0.9643903419634627,187.86459614068698,9.372316220238096,0.8897256288259942,187.86459614068698,13.706370640716198,9.372316220238096,0.8897256288259942,True
22.1,94,55.03178571428572,38.96821428571428,Climatempo,regression,random_forest,79.10555800564488,6.295484374999999,0.9643903419634627,187.86459614068698,9.372316220238096,0.8897256288259942,187.86459614068698,13.706370640716198,9.372316220238096,0.8897256288259942,True
17.8,35,25.01630952380952,9.983690476190478,Climatempo,regression,random_forest,79.10555800564488,6.295484374999999,0.9643903419634627,187.86459614068698,9.372316220238096,0.8897256288259942,187.86459614068698,13.706370640716198,9.372316220238096,0.8897256288259942,True
24.5,59,54.11357142857143,4.886428571428567,Climatempo,regression,random_forest,79.10555800564488,6.295484374999999,0.9643903419634627,187.86459614068698,9.372316220238096,0.8897256288259942,187.86459614068698,13.706370640716198,9.372316220238096,0.8897256288259942,True
20.3,37,48.38416666666666,-11.384166666666658,Climatempo,regression,random_forest,79.10555800564488,6.295484374999999,0.9643903419634627,187.86459614068698,9.372316220238096,0.8897256288259942,187.86459614068698,13.706370640716198,9.372316220238096,0.8897256288259942,True
25.7,40,49.906666666666666,-9.906666666666666,Climatempo,regression,random_forest,79.10555800564488,6.295484374999999,0.9643903419634627,187.86459614068698,9.372316220238096,0.8897256288259942,187.86459614068698,13.706370640716198,9.372316220238096,0.8897256288259942,True
19.5,20,42.13278571428571,-22.13278571428571,Climatempo,regression,random_forest,79.10555800564488,6.295484374999999,0.9643903419634627,187.86459614068698,9.372316220238096,0.8897256288259942,187.86459614068698,13.706370640716198,9.372316220238096,0.8897256288259942,True
17.6,25,25.756785714285705,-0.7567857142857051,Climatempo,regression,random_forest,79.10555800564488,6.295484374999999,0.9643903419634627,187.86459614068698,9.372316220238096,0.8897256288259942,187.86459614068698,13.706370640716198,9.372316220238096,0.8897256288259942,True
24.0,71,72.1575,-1.1574999999999989,Climatempo,regression,random_forest,79.10555800564488,6.295484374999999,0.9643903419634627,187.86459614068698,9.372316220238096,0.8897256288259942,187.86459614068698,13.706370640716198,9.372316220238096,0.8897256288259942,True
18.5,30,31.676571428571428,-1.6765714285714282,Climatempo,regression,random_forest,79.10555800564488,6.295484374999999,0.9643903419634627,187.86459614068698,9.372316220238096,0.8897256288259942,187.86459614068698,13.706370640716198,9.372316220238096,0.8897256288259942,True
26.1,90,82.54666666666667,7.453333333333333,Climatempo,regression,random_forest,79.10555800564488,6.295484374999999,0.9643903419634627,187.86459614068698,9.372316220238096,0.8897256288259942,187.86459614068698,13.706370640716198,9.372316220238096,0.8897256288259942,True
20.8,72,68.36533333333334,3.6346666666666607,Climatempo,regression,random_forest,79.10555800564488,6.295484374999999,0.9643903419634627,187.86459614068698,9.372316220238096,0.8897256288259942,187.86459614068698,13.706370640716198,9.372316220238096,0.8897256288259942,True
21.0,59,60.3367857142857,-1.3367857142857034,Climatempo,regression,random_forest,79.10555800564488,6.295484374999999,0.9643903419634627,187.86459614068698,9.372316220238096,0.8897256288259942,187.86459614068698,13.706370640716198,9.372316220238096,0.8897256288259942,True
21.0,56,60.3367857142857,-4.336785714285703,Climatempo,regression,random_forest,79.10555800564488,6.295484374999999,0.9643903419634627,187.86459614068698,9.372316220238096,0.8897256288259942,187.86459614068698,13.706370640716198,9.372316220238096,0.8897256288259942,True
23.5,88,85.212,2.7879999999999967,Climatempo,regression,random_forest,79.10555800564488,6.295484374999999,0.9643903419634627,187.86459614068698,9.372316220238096,0.8897256288259942,187.86459614068698,13.706370640716198,9.372316220238096,0.8897256288259942,True
21.7,59,59.46321428571429,-0.4632142857142867,Climatempo,regression,random_forest,79.10555800564488,6.295484374999999,0.9643903419634627,187.86459614068698,9.372316220238096,0.8897256288259942,187.86459614068698,13.706370640716198,9.372316220238096,0.8897256288259942,True
25.4,96,105.885,-9.885000000000005,Climatempo,regression,random_forest,79.10555800564488,6.295484374999999,0.9643903419634627,187.86459614068698,9.372316220238096,0.8897256288259942,187.86459614068698,13.706370640716198,9.372316220238096,0.8897256288259942,True
20.5,55,54.58159523809524,0.4184047619047604,Climatempo,regression,random_forest,79.10555800564488,6.295484374999999,0.9643903419634627,187.86459614068698,9.372316220238096,0.8897256288259942,187.86459614068698,13.706370640716198,9.372316220238096,0.8897256288259942,True
23.4,124,101.65166666666669,22.348333333333315,Climatempo,regression,random_forest,79.10555800564488,6.295484374999999,0.9643903419634627,187.86459614068698,9.372316220238096,0.8897256288259942,187.86459614068698,13.706370640716198,9.372316220238096,0.8897256288259942,True
20.3,49,48.38416666666666,0.6158333333333417,Climatempo,regression,random_forest,79.10555800564488,6.295484374999999,0.9643903419634627,187.86459614068698,9.372316220238096,0.8897256288259942,187.86459614068698,13.706370640716198,9.372316220238096,0.8897256288259942,True
26.1,84,82.54666666666667,1.4533333333333331,Climatempo,regression,random_forest,79.10555800564488,6.295484374999999,0.9643903419634627,187.86459614068698,9.372316220238096,0.8897256288259942,187.86459614068698,13.706370640716198,9.372316220238096,0.8897256288259942,True
21.0,66,60.3367857142857,5.663214285714297,Climatempo,regression,random_forest,79.10555800564488,6.295484374999999,0.9643903419634627,187.86459614068698,9.372316220238096,0.8897256288259942,187.86459614068698,13.706370640716198,9.372316220238096,0.8897256288259942,True
23.5,78,85.212,-7.212000000000003,Climatempo,regression,random_forest,79.10555800564488,6.295484374999999,0.9643903419634627,187.86459614068698,9.372316220238096,0.8897256288259942,187.86459614068698,13.706370640716198,9.372316220238096,0.8897256288259942,True
22.9,59,62.56416666666666,-3.564166666666658,Climatempo,regression,random_forest,79.10555800564488,6.295484374999999,0.9643903419634627,187.86459614068698,9.372316220238096,0.8897256288259942,187.86459614068698,13.706370640716198,9.372316220238096,0.8897256288259942,True
18.9,34,35.885,-1.884999999999998,Climatempo,regression,random_forest,79.10555800564488,6.295484374999999,0.9643903419634627,187.86459614068698,9.372316220238096,0.8897256288259942,187.86459614068698,13.706370640716198,9.372316220238096,0.8897256288259942,True
24.3,80,85.0975,-5.097499999999997,Climatempo,regression,random_forest,79.10555800564488,6.295484374999999,0.9643903419634627,187.86459614068698,9.372316220238096,0.8897256288259942,187.86459614068698,13.706370640716198,9.372316220238096,0.8897256288259942,True
21.7,49,59.46321428571429,-10.463214285714287,Climatempo,regression,random_forest,79.10555800564488,6.295484374999999,0.9643903419634627,187.86459614068698,9.372316220238096,0.8897256288259942,187.86459614068698,13.706370640716198,9.372316220238096,0.8897256288259942,True
22.6,83,78.957,4.043000000000006,Climatempo,regression,random_forest,79.10555800564488,6.295484374999999,0.9643903419634627,187.86459614068698,9.372316220238096,0.8897256288259942,187.86459614068698,13.706370640716198,9.372316220238096,0.8897256288259942,True
25.2,114,109.38,4.6200000000000045,Climatempo,regression,random_forest,79.10555800564488,6.295484374999999,0.9643903419634627,187.86459614068698,9.372316220238096,0.8897256288259942,187.86459614068698,13.706370640716198,9.372316220238096,0.8897256288259942,True
31.9,269,238.61,30.389999999999986,Climatempo,regression,random_forest,79.10555800564488,6.295484374999999,0.9643903419634627,187.86459614068698,9.372316220238096,0.8897256288259942,187.86459614068698,13.706370640716198,9.372316220238096,0.8897256288259942,True
31.4,271,256.55,14.449999999999989,Climatempo,regression,random_forest,79.10555800564488,6.295484374999999,0.9643903419634627,187.86459614068698,9.372316220238096,0.8897256288259942,187.86459614068698,13.706370640716198,9.372316220238096,0.8897256288259942,True
29.0,96,134.37,-38.370000000000005,Climatempo,regression,random_forest,79.10555800564488,6.295484374999999,0.9643903419634627,187.86459614068698,9.372316220238096,0.8897256288259942,187.86459614068698,13.706370640716198,9.372316220238096,0.8897256288259942,True
27.7,169,173.35,-4.349999999999994,Climatempo,regression,random_forest,79.10555800564488,6.295484374999999,0.9643903419634627,187.86459614068698,9.372316220238096,0.8897256288259942,187.86459614068698,13.706370640716198,9.372316220238096,0.8897256288259942,True
29.4,193,176.76,16.24000000000001,Climatempo,regression,random_forest,79.10555800564488,6.295484374999999,0.9643903419634627,187.86459614068698,9.372316220238096,0.8897256288259942,187.86459614068698,13.706370640716198,9.372316220238096,0.8897256288259942,True
32.1,232,212.65,19.349999999999994,Climatempo,regression,random_forest,79.10555800564488,6.295484374999999,0.9643903419634627,187.86459614068698,9.372316220238096,0.8897256288259942,187.86459614068698,13.706370640716198,9.372316220238096,0.8897256288259942,True
28.3,221,192.74,28.25999999999999,Climatempo,regression,random_forest,79.10555800564488,6.295484374999999,0.9643903419634627,187.86459614068698,9.372316220238096,0.8897256288259942,187.86459614068698,13.706370640716198,9.372316220238096,0.8897256288259942,True
33.4,195,185.81,9.189999999999998,Climatempo,regression,random_forest,79.10555800564488,6.295484374999999,0.9643903419634627,187.86459614068698,9.372316220238096,0.8897256288259942,187.86459614068698,13.706370640716198,9.372316220238096,0.8897256288259942,True
32.6,153,170.93,-17.930000000000007,Climatempo,regression,random_forest,79.10555800564488,6.295484374999999,0.9643903419634627,187.86459614068698,9.372316220238096,0.8897256288259942,187.86459614068698,13.706370640716198,9.372316220238096,0.8897256288259942,True
